marker,label_0_percentage,label_1_percentage,absolute_gap
reuters,61.788,1.73,60.058
new york times,20.669,4.926,15.743
breitbart,9.584,3.692,5.8919999999999995
cnn,5.304,7.689,2.385
fox news,4.259,6.414,2.1549999999999994
daily mail,0.297,1.938,1.641
washington post,2.998,4.134,1.1360000000000001
nytimes,1.036,0.248,0.788
associated press,1.856,1.218,0.6380000000000001
the guardian,0.477,1.081,0.604
huffington post,0.385,0.887,0.502
bbc,0.911,0.981,0.06999999999999995
